# author: E. Wes Bethel, Oct 2022,,,
# sample data for use with the plot_3vars.py file,,,,
Problem Size,p=1,p=4,p=16,p=64
128,1,3,4,3
512,1,3.534090909,12.44,17.77142857
2048,1,3.71714902,13.65819022,43.12513034
